skill,quarter,quarter_postings,prev_quarter_postings,qoq_abs_change,qoq_pct_change
airflow,2024Q1,1581,,,
airflow,2024Q2,1577,1581.0,-4.0,-0.2530044275774826
airflow,2024Q3,1567,1577.0,-10.0,-0.6341154090044389
airflow,2024Q4,1637,1567.0,70.0,4.467134652201659
airflow,2025Q1,1628,1637.0,-9.0,-0.5497861942577886
airflow,2025Q2,1626,1628.0,-2.0,-0.12285012285012285
aws,2024Q1,1608,,,
aws,2024Q2,1580,1608.0,-28.0,-1.7412935323383085
aws,2024Q3,1565,1580.0,-15.0,-0.949367088607595
aws,2024Q4,1601,1565.0,36.0,2.3003194888178915
aws,2025Q1,1586,1601.0,-15.0,-0.9369144284821986
aws,2025Q2,1624,1586.0,38.0,2.3959646910466583
azure,2024Q1,1600,,,
azure,2024Q2,1618,1600.0,18.0,1.125
azure,2024Q3,1666,1618.0,48.0,2.966625463535229
azure,2024Q4,1608,1666.0,-58.0,-3.481392557022809
azure,2025Q1,1709,1608.0,101.0,6.281094527363185
azure,2025Q2,1558,1709.0,-151.0,-8.835576360444705
databricks,2024Q1,1254,,,
databricks,2024Q2,1416,1254.0,162.0,12.918660287081341
databricks,2024Q3,1578,1416.0,162.0,11.440677966101696
databricks,2024Q4,1740,1578.0,162.0,10.26615969581749
databricks,2025Q1,1902,1740.0,162.0,9.310344827586208
databricks,2025Q2,2064,1902.0,162.0,8.517350157728707
dbt,2024Q1,813,,,
dbt,2024Q2,912,813.0,99.0,12.177121771217712
dbt,2024Q3,1011,912.0,99.0,10.855263157894738
dbt,2024Q4,1110,1011.0,99.0,9.792284866468842
dbt,2025Q1,1209,1110.0,99.0,8.91891891891892
dbt,2025Q2,1308,1209.0,99.0,8.188585607940446
docker,2024Q1,1627,,,
docker,2024Q2,1588,1627.0,-39.0,-2.3970497848801475
docker,2024Q3,1596,1588.0,8.0,0.5037783375314862
docker,2024Q4,1619,1596.0,23.0,1.4411027568922306
docker,2025Q1,1647,1619.0,28.0,1.7294626312538603
docker,2025Q2,1639,1647.0,-8.0,-0.4857316332726169
gcp,2024Q1,1639,,,
gcp,2024Q2,1634,1639.0,-5.0,-0.3050640634533252
gcp,2024Q3,1606,1634.0,-28.0,-1.7135862913096693
gcp,2024Q4,1580,1606.0,-26.0,-1.61892901618929
gcp,2025Q1,1590,1580.0,10.0,0.6329113924050633
gcp,2025Q2,1577,1590.0,-13.0,-0.8176100628930818
hadoop,2024Q1,2466,,,
hadoop,2024Q2,2124,2466.0,-342.0,-13.86861313868613
hadoop,2024Q3,1782,2124.0,-342.0,-16.101694915254235
hadoop,2024Q4,1440,1782.0,-342.0,-19.19191919191919
hadoop,2025Q1,1098,1440.0,-342.0,-23.75
hadoop,2025Q2,756,1098.0,-342.0,-31.147540983606557
hive,2024Q1,1553,,,
hive,2024Q2,1665,1553.0,112.0,7.21184803605924
hive,2024Q3,1610,1665.0,-55.0,-3.303303303303303
hive,2024Q4,1605,1610.0,-5.0,-0.3105590062111801
hive,2025Q1,1637,1605.0,32.0,1.9937694704049844
hive,2025Q2,1612,1637.0,-25.0,-1.5271838729383016
java,2024Q1,1580,,,
java,2024Q2,1578,1580.0,-2.0,-0.12658227848101267
java,2024Q3,1689,1578.0,111.0,7.0342205323193925
java,2024Q4,1603,1689.0,-86.0,-5.0917702782711665
java,2025Q1,1560,1603.0,-43.0,-2.682470368059888
java,2025Q2,1587,1560.0,27.0,1.7307692307692308
kafka,2024Q1,1577,,,
kafka,2024Q2,1588,1577.0,11.0,0.6975269499048826
kafka,2024Q3,1636,1588.0,48.0,3.022670025188917
kafka,2024Q4,1640,1636.0,4.0,0.24449877750611246
kafka,2025Q1,1688,1640.0,48.0,2.9268292682926833
kafka,2025Q2,1587,1688.0,-101.0,-5.983412322274882
kubernetes,2024Q1,1672,,,
kubernetes,2024Q2,1622,1672.0,-50.0,-2.9904306220095696
kubernetes,2024Q3,1582,1622.0,-40.0,-2.466091245376079
kubernetes,2024Q4,1626,1582.0,44.0,2.781289506953224
kubernetes,2025Q1,1628,1626.0,2.0,0.12300123001230012
kubernetes,2025Q2,1599,1628.0,-29.0,-1.7813267813267815
powerbi,2024Q1,1610,,,
powerbi,2024Q2,1689,1610.0,79.0,4.906832298136646
powerbi,2024Q3,1649,1689.0,-40.0,-2.3682652457075193
powerbi,2024Q4,1614,1649.0,-35.0,-2.1224984839296543
powerbi,2025Q1,1577,1614.0,-37.0,-2.292441140024783
powerbi,2025Q2,1622,1577.0,45.0,2.8535193405199744
python,2024Q1,1647,,,
python,2024Q2,1628,1647.0,-19.0,-1.153612629022465
python,2024Q3,1600,1628.0,-28.0,-1.71990171990172
python,2024Q4,1628,1600.0,28.0,1.7500000000000002
python,2025Q1,1594,1628.0,-34.0,-2.0884520884520885
python,2025Q2,1650,1594.0,56.0,3.5131744040150563
scala,2024Q1,1660,,,
scala,2024Q2,1635,1660.0,-25.0,-1.5060240963855422
scala,2024Q3,1628,1635.0,-7.0,-0.42813455657492355
scala,2024Q4,1687,1628.0,59.0,3.6240786240786242
scala,2025Q1,1639,1687.0,-48.0,-2.8452874925903973
scala,2025Q2,1595,1639.0,-44.0,-2.684563758389262
snowflake,2024Q1,1626,,,
snowflake,2024Q2,1824,1626.0,198.0,12.177121771217712
snowflake,2024Q3,2022,1824.0,198.0,10.855263157894738
snowflake,2024Q4,2220,2022.0,198.0,9.792284866468842
snowflake,2025Q1,2418,2220.0,198.0,8.91891891891892
snowflake,2025Q2,2616,2418.0,198.0,8.188585607940446
spark,2024Q1,1651,,,
spark,2024Q2,1565,1651.0,-86.0,-5.208964264082374
spark,2024Q3,1657,1565.0,92.0,5.878594249201278
spark,2024Q4,1636,1657.0,-21.0,-1.2673506336753169
spark,2025Q1,1624,1636.0,-12.0,-0.7334963325183375
spark,2025Q2,1621,1624.0,-3.0,-0.18472906403940886
sql,2024Q1,1602,,,
sql,2024Q2,1630,1602.0,28.0,1.7478152309612984
sql,2024Q3,1641,1630.0,11.0,0.6748466257668712
sql,2024Q4,1576,1641.0,-65.0,-3.960999390615479
sql,2025Q1,1614,1576.0,38.0,2.4111675126903553
sql,2025Q2,1636,1614.0,22.0,1.3630731102850062
tableau,2024Q1,1648,,,
tableau,2024Q2,1580,1648.0,-68.0,-4.12621359223301
tableau,2024Q3,1629,1580.0,49.0,3.10126582278481
tableau,2024Q4,1635,1629.0,6.0,0.3683241252302026
tableau,2025Q1,1602,1635.0,-33.0,-2.0183486238532113
tableau,2025Q2,1637,1602.0,35.0,2.184769038701623
terraform,2024Q1,1617,,,
terraform,2024Q2,1655,1617.0,38.0,2.350030921459493
terraform,2024Q3,1640,1655.0,-15.0,-0.906344410876133
terraform,2024Q4,1642,1640.0,2.0,0.12195121951219512
terraform,2025Q1,1622,1642.0,-20.0,-1.2180267965895248
terraform,2025Q2,1593,1622.0,-29.0,-1.7879161528976573
