skill,month,postings_with_skill,postings_that_month,skill_share,rank_in_month
hadoop,2024-01,860,2880,0.2986111111111111,1
kubernetes,2024-01,571,2880,0.19826388888888888,2
hive,2024-01,558,2880,0.19375,3
scala,2024-01,556,2880,0.19305555555555556,4
azure,2024-01,551,2880,0.19131944444444443,5
docker,2024-01,548,2880,0.19027777777777777,6
gcp,2024-01,543,2880,0.18854166666666666,7
sql,2024-01,542,2880,0.18819444444444444,8
tableau,2024-01,541,2880,0.18784722222222222,9
airflow,2024-01,536,2880,0.18611111111111112,10
spark,2024-01,533,2880,0.18506944444444445,11
python,2024-01,531,2880,0.184375,12
powerbi,2024-01,529,2880,0.18368055555555557,13
snowflake,2024-01,520,2880,0.18055555555555555,14
aws,2024-01,519,2880,0.18020833333333333,15
java,2024-01,517,2880,0.1795138888888889,16
kafka,2024-01,516,2880,0.17916666666666667,17
terraform,2024-01,498,2880,0.17291666666666666,18
databricks,2024-01,400,2880,0.1388888888888889,19
dbt,2024-01,260,2880,0.09027777777777778,20
hadoop,2024-02,822,2880,0.28541666666666665,1
terraform,2024-02,570,2880,0.19791666666666666,2
aws,2024-02,567,2880,0.196875,3
python,2024-02,567,2880,0.196875,4
tableau,2024-02,564,2880,0.19583333333333333,5
spark,2024-02,553,2880,0.1920138888888889,6
scala,2024-02,552,2880,0.19166666666666668,7
kubernetes,2024-02,549,2880,0.190625,8
gcp,2024-02,546,2880,0.18958333333333333,9
snowflake,2024-02,542,2880,0.18819444444444444,10
java,2024-02,539,2880,0.18715277777777778,11
sql,2024-02,537,2880,0.18645833333333334,12
powerbi,2024-02,527,2880,0.1829861111111111,13
kafka,2024-02,520,2880,0.18055555555555555,14
airflow,2024-02,515,2880,0.17881944444444445,15
azure,2024-02,514,2880,0.17847222222222223,16
hive,2024-02,504,2880,0.175,17
docker,2024-02,500,2880,0.1736111111111111,18
databricks,2024-02,418,2880,0.1451388888888889,19
dbt,2024-02,271,2880,0.09409722222222222,20
hadoop,2024-03,784,2880,0.2722222222222222,1
docker,2024-03,579,2880,0.20104166666666667,2
spark,2024-03,565,2880,0.19618055555555555,3
snowflake,2024-03,564,2880,0.19583333333333333,4
powerbi,2024-03,554,2880,0.19236111111111112,5
kubernetes,2024-03,552,2880,0.19166666666666668,6
scala,2024-03,552,2880,0.19166666666666668,7
gcp,2024-03,550,2880,0.1909722222222222,8
python,2024-03,549,2880,0.190625,9
terraform,2024-03,549,2880,0.190625,10
tableau,2024-03,543,2880,0.18854166666666666,11
kafka,2024-03,541,2880,0.18784722222222222,12
azure,2024-03,535,2880,0.1857638888888889,13
airflow,2024-03,530,2880,0.1840277777777778,14
java,2024-03,524,2880,0.18194444444444444,15
sql,2024-03,523,2880,0.18159722222222222,16
aws,2024-03,522,2880,0.18125,17
hive,2024-03,491,2880,0.17048611111111112,18
databricks,2024-03,436,2880,0.15138888888888888,19
dbt,2024-03,282,2880,0.09791666666666667,20
hadoop,2024-04,746,2880,0.2590277777777778,1
snowflake,2024-04,586,2880,0.20347222222222222,2
terraform,2024-04,562,2880,0.1951388888888889,3
hive,2024-04,555,2880,0.19270833333333334,4
azure,2024-04,552,2880,0.19166666666666668,5
docker,2024-04,552,2880,0.19166666666666668,6
gcp,2024-04,552,2880,0.19166666666666668,7
python,2024-04,551,2880,0.19131944444444443,8
powerbi,2024-04,547,2880,0.18993055555555555,9
spark,2024-04,546,2880,0.18958333333333333,10
kubernetes,2024-04,544,2880,0.18888888888888888,11
scala,2024-04,536,2880,0.18611111111111112,12
tableau,2024-04,534,2880,0.18541666666666667,13
kafka,2024-04,529,2880,0.18368055555555557,14
aws,2024-04,528,2880,0.18333333333333332,15
airflow,2024-04,520,2880,0.18055555555555555,16
sql,2024-04,518,2880,0.1798611111111111,17
java,2024-04,489,2880,0.16979166666666667,18
databricks,2024-04,454,2880,0.15763888888888888,19
dbt,2024-04,293,2880,0.10173611111111111,20
hadoop,2024-05,708,2880,0.24583333333333332,1
snowflake,2024-05,608,2880,0.2111111111111111,2
java,2024-05,569,2880,0.19756944444444444,3
powerbi,2024-05,561,2880,0.19479166666666667,4
scala,2024-05,556,2880,0.19305555555555556,5
sql,2024-05,553,2880,0.1920138888888889,6
azure,2024-05,550,2880,0.1909722222222222,7
python,2024-05,546,2880,0.18958333333333333,8
kubernetes,2024-05,545,2880,0.1892361111111111,9
tableau,2024-05,544,2880,0.18888888888888888,10
gcp,2024-05,541,2880,0.18784722222222222,11
kafka,2024-05,530,2880,0.1840277777777778,12
hive,2024-05,529,2880,0.18368055555555557,13
aws,2024-05,525,2880,0.18229166666666666,14
spark,2024-05,521,2880,0.18090277777777777,15
docker,2024-05,519,2880,0.18020833333333333,16
terraform,2024-05,513,2880,0.178125,17
airflow,2024-05,512,2880,0.17777777777777778,18
databricks,2024-05,472,2880,0.1638888888888889,19
dbt,2024-05,304,2880,0.10555555555555556,20
hadoop,2024-06,670,2880,0.2326388888888889,1
snowflake,2024-06,630,2880,0.21875,2
hive,2024-06,581,2880,0.20173611111111112,3
powerbi,2024-06,581,2880,0.20173611111111112,4
terraform,2024-06,580,2880,0.2013888888888889,5
sql,2024-06,559,2880,0.19409722222222223,6
airflow,2024-06,545,2880,0.1892361111111111,7
scala,2024-06,543,2880,0.18854166666666666,8
gcp,2024-06,541,2880,0.18784722222222222,9
kubernetes,2024-06,533,2880,0.18506944444444445,10
python,2024-06,531,2880,0.184375,11
kafka,2024-06,529,2880,0.18368055555555557,12
aws,2024-06,527,2880,0.1829861111111111,13
java,2024-06,520,2880,0.18055555555555555,14
docker,2024-06,517,2880,0.1795138888888889,15
azure,2024-06,516,2880,0.17916666666666667,16
tableau,2024-06,502,2880,0.17430555555555555,17
spark,2024-06,498,2880,0.17291666666666666,18
databricks,2024-06,490,2880,0.1701388888888889,19
dbt,2024-06,315,2880,0.109375,20
snowflake,2024-07,652,2880,0.2263888888888889,1
hadoop,2024-07,632,2880,0.21944444444444444,2
terraform,2024-07,565,2880,0.19618055555555555,3
sql,2024-07,562,2880,0.1951388888888889,4
tableau,2024-07,558,2880,0.19375,5
java,2024-07,557,2880,0.19340277777777778,6
powerbi,2024-07,555,2880,0.19270833333333334,7
python,2024-07,547,2880,0.18993055555555555,8
airflow,2024-07,543,2880,0.18854166666666666,9
hive,2024-07,543,2880,0.18854166666666666,10
spark,2024-07,543,2880,0.18854166666666666,11
scala,2024-07,537,2880,0.18645833333333334,12
docker,2024-07,536,2880,0.18611111111111112,13
azure,2024-07,530,2880,0.1840277777777778,14
kafka,2024-07,529,2880,0.18368055555555557,15
aws,2024-07,522,2880,0.18125,16
kubernetes,2024-07,512,2880,0.17777777777777778,17
databricks,2024-07,508,2880,0.1763888888888889,18
gcp,2024-07,500,2880,0.1736111111111111,19
dbt,2024-07,326,2880,0.11319444444444444,20
snowflake,2024-08,674,2880,0.23402777777777778,1
hadoop,2024-08,594,2880,0.20625,2
java,2024-08,581,2880,0.20173611111111112,3
azure,2024-08,570,2880,0.19791666666666666,4
spark,2024-08,570,2880,0.19791666666666666,5
gcp,2024-08,566,2880,0.19652777777777777,6
tableau,2024-08,564,2880,0.19583333333333333,7
kafka,2024-08,556,2880,0.19305555555555556,8
kubernetes,2024-08,552,2880,0.19166666666666668,9
powerbi,2024-08,551,2880,0.19131944444444443,10
hive,2024-08,544,2880,0.18888888888888888,11
terraform,2024-08,540,2880,0.1875,12
python,2024-08,527,2880,0.1829861111111111,13
databricks,2024-08,526,2880,0.18263888888888888,14
scala,2024-08,524,2880,0.18194444444444444,15
docker,2024-08,519,2880,0.18020833333333333,16
aws,2024-08,516,2880,0.17916666666666667,17
sql,2024-08,512,2880,0.17777777777777778,18
airflow,2024-08,499,2880,0.17326388888888888,19
dbt,2024-08,337,2880,0.11701388888888889,20
snowflake,2024-09,696,2880,0.24166666666666667,1
scala,2024-09,567,2880,0.196875,2
sql,2024-09,567,2880,0.196875,3
azure,2024-09,566,2880,0.19652777777777777,4
hadoop,2024-09,556,2880,0.19305555555555556,5
java,2024-09,551,2880,0.19131944444444443,6
kafka,2024-09,551,2880,0.19131944444444443,7
databricks,2024-09,544,2880,0.18888888888888888,8
spark,2024-09,544,2880,0.18888888888888888,9
powerbi,2024-09,543,2880,0.18854166666666666,10
docker,2024-09,541,2880,0.18784722222222222,11
gcp,2024-09,540,2880,0.1875,12
terraform,2024-09,535,2880,0.1857638888888889,13
aws,2024-09,527,2880,0.1829861111111111,14
python,2024-09,526,2880,0.18263888888888888,15
airflow,2024-09,525,2880,0.18229166666666666,16
hive,2024-09,523,2880,0.18159722222222222,17
kubernetes,2024-09,518,2880,0.1798611111111111,18
tableau,2024-09,507,2880,0.17604166666666668,19
dbt,2024-09,348,2880,0.12083333333333333,20
snowflake,2024-10,718,2880,0.24930555555555556,1
scala,2024-10,577,2880,0.20034722222222223,2
spark,2024-10,574,2880,0.19930555555555557,3
airflow,2024-10,568,2880,0.19722222222222222,4
python,2024-10,564,2880,0.19583333333333333,5
databricks,2024-10,562,2880,0.1951388888888889,6
terraform,2024-10,561,2880,0.19479166666666667,7
docker,2024-10,558,2880,0.19375,8
aws,2024-10,545,2880,0.1892361111111111,9
kafka,2024-10,542,2880,0.18819444444444444,10
tableau,2024-10,540,2880,0.1875,11
java,2024-10,539,2880,0.18715277777777778,12
azure,2024-10,532,2880,0.18472222222222223,13
sql,2024-10,529,2880,0.18368055555555557,14
hive,2024-10,523,2880,0.18159722222222222,15
hadoop,2024-10,518,2880,0.1798611111111111,16
kubernetes,2024-10,517,2880,0.1795138888888889,17
powerbi,2024-10,515,2880,0.17881944444444445,18
gcp,2024-10,500,2880,0.1736111111111111,19
dbt,2024-10,359,2880,0.12465277777777778,20
snowflake,2024-11,740,2880,0.2569444444444444,1
databricks,2024-11,580,2880,0.2013888888888889,2
scala,2024-11,567,2880,0.196875,3
docker,2024-11,561,2880,0.19479166666666667,4
spark,2024-11,559,2880,0.19409722222222223,5
powerbi,2024-11,555,2880,0.19270833333333334,6
azure,2024-11,549,2880,0.190625,7
terraform,2024-11,548,2880,0.19027777777777777,8
gcp,2024-11,547,2880,0.18993055555555555,9
hive,2024-11,542,2880,0.18819444444444444,10
kafka,2024-11,541,2880,0.18784722222222222,11
tableau,2024-11,537,2880,0.18645833333333334,12
java,2024-11,536,2880,0.18611111111111112,13
airflow,2024-11,531,2880,0.184375,14
kubernetes,2024-11,526,2880,0.18263888888888888,15
python,2024-11,517,2880,0.1795138888888889,16
sql,2024-11,509,2880,0.17673611111111112,17
aws,2024-11,485,2880,0.1684027777777778,18
hadoop,2024-11,480,2880,0.16666666666666666,19
dbt,2024-11,370,2880,0.1284722222222222,20
snowflake,2024-12,762,2880,0.26458333333333334,1
databricks,2024-12,598,2880,0.2076388888888889,2
kubernetes,2024-12,583,2880,0.20243055555555556,3
aws,2024-12,571,2880,0.19826388888888888,4
tableau,2024-12,558,2880,0.19375,5
kafka,2024-12,557,2880,0.19340277777777778,6
python,2024-12,547,2880,0.18993055555555555,7
powerbi,2024-12,544,2880,0.18888888888888888,8
scala,2024-12,543,2880,0.18854166666666666,9
hive,2024-12,540,2880,0.1875,10
airflow,2024-12,538,2880,0.18680555555555556,11
sql,2024-12,538,2880,0.18680555555555556,12
gcp,2024-12,533,2880,0.18506944444444445,13
terraform,2024-12,533,2880,0.18506944444444445,14
java,2024-12,528,2880,0.18333333333333332,15
azure,2024-12,527,2880,0.1829861111111111,16
spark,2024-12,503,2880,0.17465277777777777,17
docker,2024-12,500,2880,0.1736111111111111,18
hadoop,2024-12,442,2880,0.15347222222222223,19
dbt,2024-12,381,2880,0.13229166666666667,20
snowflake,2025-01,784,2880,0.2722222222222222,1
databricks,2025-01,616,2880,0.21388888888888888,2
docker,2025-01,588,2880,0.20416666666666666,3
airflow,2025-01,572,2880,0.1986111111111111,4
scala,2025-01,569,2880,0.19756944444444444,5
azure,2025-01,552,2880,0.19166666666666668,6
kafka,2025-01,548,2880,0.19027777777777777,7
hive,2025-01,545,2880,0.1892361111111111,8
spark,2025-01,541,2880,0.18784722222222222,9
gcp,2025-01,538,2880,0.18680555555555556,10
java,2025-01,537,2880,0.18645833333333334,11
terraform,2025-01,535,2880,0.1857638888888889,12
aws,2025-01,534,2880,0.18541666666666667,13
sql,2025-01,532,2880,0.18472222222222223,14
kubernetes,2025-01,525,2880,0.18229166666666666,15
tableau,2025-01,514,2880,0.17847222222222223,16
powerbi,2025-01,510,2880,0.17708333333333334,17
python,2025-01,499,2880,0.17326388888888888,18
hadoop,2025-01,404,2880,0.14027777777777778,19
dbt,2025-01,392,2880,0.1361111111111111,20
snowflake,2025-02,806,2880,0.2798611111111111,1
databricks,2025-02,634,2880,0.22013888888888888,2
azure,2025-02,607,2880,0.2107638888888889,3
kafka,2025-02,574,2880,0.19930555555555557,4
kubernetes,2025-02,559,2880,0.19409722222222223,5
python,2025-02,559,2880,0.19409722222222223,6
hive,2025-02,555,2880,0.19270833333333334,7
sql,2025-02,555,2880,0.19270833333333334,8
terraform,2025-02,543,2880,0.18854166666666666,9
powerbi,2025-02,541,2880,0.18784722222222222,10
docker,2025-02,539,2880,0.18715277777777778,11
scala,2025-02,539,2880,0.18715277777777778,12
tableau,2025-02,531,2880,0.184375,13
aws,2025-02,527,2880,0.1829861111111111,14
spark,2025-02,527,2880,0.1829861111111111,15
gcp,2025-02,518,2880,0.1798611111111111,16
airflow,2025-02,511,2880,0.17743055555555556,17
java,2025-02,506,2880,0.17569444444444443,18
dbt,2025-02,403,2880,0.13993055555555556,19
hadoop,2025-02,366,2880,0.12708333333333333,20
snowflake,2025-03,828,2880,0.2875,1
databricks,2025-03,652,2880,0.2263888888888889,2
kafka,2025-03,566,2880,0.19652777777777777,3
tableau,2025-03,557,2880,0.19340277777777778,4
spark,2025-03,556,2880,0.19305555555555556,5
azure,2025-03,550,2880,0.1909722222222222,6
airflow,2025-03,545,2880,0.1892361111111111,7
kubernetes,2025-03,544,2880,0.18888888888888888,8
terraform,2025-03,544,2880,0.18888888888888888,9
hive,2025-03,537,2880,0.18645833333333334,10
python,2025-03,536,2880,0.18611111111111112,11
gcp,2025-03,534,2880,0.18541666666666667,12
scala,2025-03,531,2880,0.184375,13
sql,2025-03,527,2880,0.1829861111111111,14
powerbi,2025-03,526,2880,0.18263888888888888,15
aws,2025-03,525,2880,0.18229166666666666,16
docker,2025-03,520,2880,0.18055555555555555,17
java,2025-03,517,2880,0.1795138888888889,18
dbt,2025-03,414,2880,0.14375,19
hadoop,2025-03,328,2880,0.11388888888888889,20
snowflake,2025-04,850,2880,0.2951388888888889,1
databricks,2025-04,670,2880,0.2326388888888889,2
java,2025-04,566,2880,0.19652777777777777,3
tableau,2025-04,561,2880,0.19479166666666667,4
scala,2025-04,556,2880,0.19305555555555556,5
hive,2025-04,553,2880,0.1920138888888889,6
kubernetes,2025-04,553,2880,0.1920138888888889,7
sql,2025-04,553,2880,0.1920138888888889,8
python,2025-04,544,2880,0.18888888888888888,9
aws,2025-04,541,2880,0.18784722222222222,10
powerbi,2025-04,536,2880,0.18611111111111112,11
spark,2025-04,533,2880,0.18506944444444445,12
airflow,2025-04,530,2880,0.1840277777777778,13
gcp,2025-04,522,2880,0.18125,14
kafka,2025-04,519,2880,0.18020833333333333,15
terraform,2025-04,519,2880,0.18020833333333333,16
docker,2025-04,509,2880,0.17673611111111112,17
azure,2025-04,507,2880,0.17604166666666668,18
dbt,2025-04,425,2880,0.14756944444444445,19
hadoop,2025-04,290,2880,0.10069444444444445,20
snowflake,2025-05,872,2880,0.30277777777777776,1
databricks,2025-05,688,2880,0.2388888888888889,2
powerbi,2025-05,585,2880,0.203125,3
docker,2025-05,574,2880,0.19930555555555557,4
airflow,2025-05,556,2880,0.19305555555555556,5
terraform,2025-05,554,2880,0.19236111111111112,6
aws,2025-05,552,2880,0.19166666666666668,7
kafka,2025-05,543,2880,0.18854166666666666,8
python,2025-05,543,2880,0.18854166666666666,9
kubernetes,2025-05,539,2880,0.18715277777777778,10
spark,2025-05,537,2880,0.18645833333333334,11
sql,2025-05,536,2880,0.18611111111111112,12
hive,2025-05,532,2880,0.18472222222222223,13
java,2025-05,527,2880,0.1829861111111111,14
tableau,2025-05,523,2880,0.18159722222222222,15
scala,2025-05,511,2880,0.17743055555555556,16
gcp,2025-05,508,2880,0.1763888888888889,17
azure,2025-05,493,2880,0.17118055555555556,18
dbt,2025-05,436,2880,0.15138888888888888,19
hadoop,2025-05,252,2880,0.0875,20
snowflake,2025-06,894,2880,0.3104166666666667,1
databricks,2025-06,706,2880,0.24513888888888888,2
python,2025-06,563,2880,0.1954861111111111,3
azure,2025-06,558,2880,0.19375,4
docker,2025-06,556,2880,0.19305555555555556,5
tableau,2025-06,553,2880,0.1920138888888889,6
spark,2025-06,551,2880,0.19131944444444443,7
gcp,2025-06,547,2880,0.18993055555555555,8
sql,2025-06,547,2880,0.18993055555555555,9
airflow,2025-06,540,2880,0.1875,10
aws,2025-06,531,2880,0.184375,11
scala,2025-06,528,2880,0.18333333333333332,12
hive,2025-06,527,2880,0.1829861111111111,13
kafka,2025-06,525,2880,0.18229166666666666,14
terraform,2025-06,520,2880,0.18055555555555555,15
kubernetes,2025-06,507,2880,0.17604166666666668,16
powerbi,2025-06,501,2880,0.17395833333333333,17
java,2025-06,494,2880,0.17152777777777778,18
dbt,2025-06,447,2880,0.15520833333333334,19
hadoop,2025-06,214,2880,0.07430555555555556,20
